id,title,content
1,ZUS OG CUP 2.0 With Screw-On Lid 500ml (17oz),"Our best-selling drinkware now comes with a twist. Experience OG Cup 2.0 with a Screw-On Lid for the ultimate leak-proof cup that comes with ceramic interior that preserves flavours better, allowing you to taste every note in your daily brew. Have a true ZUS Coffee experienceâ€”now embodied in our OG colours. Available in â€“ âš¡ï¸Thunder Blue âš¡ï¸Space Black âš¡ï¸Lucky Pink"
2,ZUS All-Can Tumbler 600ml (20oz),"Dive into any sip-tuation with the all-new ZUS All-Can Tumbler, now more versatile than ever in Thunder Blue and Stainless Steel.
Featuring interchangeable lids, use the â€œScrew Onâ€ lid for your hot Americano at work in the morning, and the â€œFlip Topâ€ lid for easy hydration at the gym in the evening.
Whether youâ€™re trapped in a jungle or an office, All-Can is with you through it all."
3,ZUS All Day Cup 500ml (17oz) - Sundaze Collection,"Sundaze Collection: Embrace the Sunny Beach Days
Bring the serene beauty of sunkissed shades into your everyday routine with the All Day Cup - Sundaze Collection. Inspired by breezy shores and warm golden sands, each cup captures the relaxed vibes of endless beach days.
Choose from:ğŸ–ï¸ Tideline
ğŸš Seashell
ğŸ° Sand Castle
Whether you're soaking up the sun or dreaming of the waves, these cups are your perfect ""All Day"" companion, keeping your drinks just the way you like themâ€”hot or cold, up to 16 hours. Let the Sundaze Collection effortlessly lift up your style and vibes wherever you go."
4,ZUS All Day Cup 500ml (17oz),"Refreshed colours for your refreshments. Ready to paint the way you drink with splashes of colours to your all-day routine of sipping on quality brew? Experience effortless style with endless combinations of our All Day Cup - now in extended colours. Choose what screams you and accessorise with the ideal drinking accessory. Available in â€“ âš¡ï¸Creamy Beige âš¡ï¸Fresh Mintâš¡ï¸Blue Waveâš¡ï¸Fuzz Peachâš¡ï¸Cherry BlossomItâ€™s best for hot or iced â€“ this oneâ€™s for All Day, everyday. Trust us, your current tumbler will seem boring after this."
5,ZUS Frozee Cold Cup 650ml (22oz),"Same great tumbler, fresh new colours. Brrr, feeling cold? Embrace the chill with Frozee Cold Cup that now comes in fresh new colour options! Because donâ€™t we love having options? Itâ€™s our most loved icy drink companion and pssst, itâ€™s the best tumbler for frappe-lovers.Available in â€“ âš¡ï¸Frost Whiteâš¡ï¸Frost Pink âš¡ï¸Frost Greenâš¡ï¸Frost Peach"
6,ZUS OG Ceramic Mug (16oz),"Designed for your cozy moments, our high-quality ceramic mug blends style and practicality effortlessly with an ergonomic handle that makes every sip a comfortable experience.Who said sipping from a mug couldn't be stylish? Now available in 3 of your favourite colours: Thunder Blue, Space Black, and Cloud White."
7,[Kopi Patah Hati] ZUS Frozee Cold Cup 650ml (22oz),"Whether you're crying over lowkey unloved or celebrating your bounce back era, the Kopi Patah Hati Frozee Cold Cup is your emotional support cup. Heartbreak tears or glow-up cheers, staying effortlessly hydrated is always a win. Now available in Sabrina Pink and Olivia Purple."
8,ZUS All Day Cup 500ml (17oz) - Mountain Collection,"Maybe quietude and constancy are your mottos, or you feel at home amongst the fresh, clean air of higher altitudes. As steadfast as the tall trees, youâ€™ve got a grounded confidence about you that speaks of surety, of someone who knows what they want and moves to achieve it. Strategic, mature, and observant, youâ€™re best defined by the Mountain colourways.
If you can relate to the collection, these cups are your perfect ""All Day"" companion, keeping your drinks just the way you like themâ€”hot or cold, up to 16 hours."
9,ZUS All Day Cup 500ml (17oz) - Aqua Collection,"When youâ€™re the life of the party, youâ€™ll find yourself gravitating towards experiences that can be shared with others. Youâ€™re like the endless water: expansive, an adventure waiting to unfold. Youâ€™re never in one place when thereâ€™s a whole world out there. Bold, playful, and a thrill-seeker, youâ€™re best known by the Aqua colourways you carry.
  
If you can relate to the collection, these cups are your perfect ""All Day"" companion, keeping your drinks just the way you like themâ€”hot or cold, up to 16 hours."
10,ZUS Stainless Steel Mug (14oz),"Coffee smells better outdoors.  Does it? I guess it's time to find out! Made for those who cherish the outdoors or simply just prefer sipping their coffee through a mug. Made from durable 304 stainless steel, features double-wall vacuum insulation to keep your drinks hot or cold up to 5 hours.No matter where your journey takes youâ€”whether itâ€™s a roadside coffee break to ""heal"" or a moment in the mountains surrounded by good companyâ€”weâ€™re more than just a mug for great coffee. Weâ€™re the small comfort you can always count on, wherever the road may lead."
11,[Corak Malaysia] Tiga Sekawan Bundle,"Show your appreciation of our local arts with the Tiga Sekawan bundle in three variations, inspired by the vibrant culture and history of our countryâ€™s thirteen states. 
  
This bundle features:

Corak Malaysia All Day Cup: Our All Day Cups now feature unique designs inspired by our cultural arts, embodying the heart of our country with a special ZUS twist on each variation. 
  
Corak Malaysia Cup Sleeve: This sleeve is a beautiful combination of culture and function. Made from soft and durable synthetic leather with an adjustable strap that can adapt to various cup sizes, along with an interchangeable nylon string to hand-carry or wear crossbody.Â 

Corak Malaysia Reusable Straw Kit: Sustainable, compact, and designed to be easy to carry. This kit contains a food-grade stainless steel straw with a soft silicone tip to protect your lips and teeth, as well as a brush to keep the straw clean."
12,ZUSÂ® Specials Denim Tote,"Need something to carry all the emotional baggage your situationship gave you? Put it in our Denim Tote Bag, made to handle all that dramaâ€”and more."
13,ZUS CNY Fridge Magnet - Full Set - 6's,"Get ready to celebrate Chinese New Year with ZUS Coffee! This season, weâ€™re bringing you an exclusive chance to collect limited-edition magnets with a festive twist.
ZUSÂ CoinÂ 
Introducing the ZUS Coin â€“ your symbol of wealth, prosperity, and good fortune! Stick this magnet on your fridge this Chinese New Year and bring good vibes to your kitchen. With six unique designs, itâ€™s more than just a magnet â€“ itâ€™s a festive touch that will remind you to embrace good fortune every day
StayÂ Healthy,Â NoÂ CapÂ 
ZUS wishes you a year filled with good health, happiness, and plenty of great coffee! Featuring playful cracker engravings, this fridge magnet is a friendly reminder to keep your kitchen stocked with the essentials. Health is wealth â€“ so let this magnet inspire you to nourish both body and soul!Â 
Vibes on Vibes 
May your year be as sweet as nian gao! This fridge magnet is here to bring all the good vibes. Let the festive energy of this magnet remind you to enjoy lifeâ€™s little moments and spread happiness.Â 
LevelÂ Up,Â FamÂ 
Ascension is on the horizon! ZUS wishes you promotions, success, and all the career wins this year. This motivational fridge magnet is here to keep you focused on your goals. Whether youâ€™re brewing your morning coffee or planning your next big move, let it remind you that success is always within reach.Â 
SmileÂ OnÂ AlwaysÂ 
Laughter is the best medicine, and this fridge magnet brings it right to your kitchen. With its uplifting message, itâ€™s a constant reminder to find joy in every moment. Every time you open the fridge, smile a little brighter, and let positivity fill your space.Â 
BigÂ Wins,Â NoÂ LsÂ 
ThisÂ yearÂ isÂ allÂ aboutÂ winning!Â KeepÂ thisÂ fridgeÂ magnetÂ asÂ aÂ reminderÂ thatÂ successÂ isÂ yoursÂ toÂ claim.Â WithÂ itsÂ motivationalÂ message,Â itâ€™sÂ perfectÂ forÂ keepingÂ youÂ focusedÂ andÂ energizedÂ toÂ takeÂ onÂ anyÂ challenge.Â LetÂ itÂ beÂ yourÂ go-toÂ sourceÂ ofÂ inspirationÂ inÂ theÂ kitchenÂ â€“Â andÂ more."
14,ZUSÂ® Ngupiâ„¢ Glass Food Container,"Bring a dash of nostalgia to your kitchen with this NGUPIÂ® container, dressed in charming kopitiam-inspired prints! Whether you're storing snacks or serving up leftovers, its tight-fitting lid locks in freshness."
